,Image
0,"<selenium.webdriver.remote.webelement.WebElement (session=""feaa593ac041d28719386238817b9ee0"", element=""dda7529f-5f77-4773-aea1-e60c7ab0d1c8"")>"
1,"<selenium.webdriver.remote.webelement.WebElement (session=""feaa593ac041d28719386238817b9ee0"", element=""a6081a78-6e28-4929-b7b8-5f788bd6b59b"")>"
2,"<selenium.webdriver.remote.webelement.WebElement (session=""feaa593ac041d28719386238817b9ee0"", element=""0f2d53fb-93ea-4d28-adbb-3d3dc1d133c7"")>"
3,"<selenium.webdriver.remote.webelement.WebElement (session=""feaa593ac041d28719386238817b9ee0"", element=""5544e3c2-ed5f-43ac-b4cd-f628d9e2b88d"")>"
4,"<selenium.webdriver.remote.webelement.WebElement (session=""feaa593ac041d28719386238817b9ee0"", element=""4aa1865a-f37a-492d-be58-1cf4c823ad47"")>"
5,"<selenium.webdriver.remote.webelement.WebElement (session=""feaa593ac041d28719386238817b9ee0"", element=""320386d4-b1c7-42bd-81a6-76eac1a97feb"")>"
6,"<selenium.webdriver.remote.webelement.WebElement (session=""feaa593ac041d28719386238817b9ee0"", element=""149fb86e-3058-4de1-968a-d12e7b4b7a5c"")>"
7,"<selenium.webdriver.remote.webelement.WebElement (session=""feaa593ac041d28719386238817b9ee0"", element=""8bcc6232-36a8-4746-9249-a718f25714e2"")>"
8,"<selenium.webdriver.remote.webelement.WebElement (session=""feaa593ac041d28719386238817b9ee0"", element=""17aa731a-9120-4b91-919f-3b6e30a1c729"")>"
9,"<selenium.webdriver.remote.webelement.WebElement (session=""feaa593ac041d28719386238817b9ee0"", element=""6812143f-2d26-4fd1-b8ad-760995ef8688"")>"
10,"<selenium.webdriver.remote.webelement.WebElement (session=""feaa593ac041d28719386238817b9ee0"", element=""692bdd98-7ae6-459b-aab0-dba1a47fd1e8"")>"
11,"<selenium.webdriver.remote.webelement.WebElement (session=""feaa593ac041d28719386238817b9ee0"", element=""78e7e50e-a868-4224-b2d5-a41021b0ce06"")>"
12,"<selenium.webdriver.remote.webelement.WebElement (session=""feaa593ac041d28719386238817b9ee0"", element=""460ccec5-d01b-4273-a9a2-820d0aa61b28"")>"
13,"<selenium.webdriver.remote.webelement.WebElement (session=""feaa593ac041d28719386238817b9ee0"", element=""c5e361ee-64e3-45a4-ba50-ab29657c7107"")>"
14,"<selenium.webdriver.remote.webelement.WebElement (session=""feaa593ac041d28719386238817b9ee0"", element=""eab1c82a-d776-4add-987b-f1b7c95aaf3f"")>"
15,"<selenium.webdriver.remote.webelement.WebElement (session=""feaa593ac041d28719386238817b9ee0"", element=""f2a31b82-9c18-461c-bd86-2e78f0c00dc0"")>"
16,"<selenium.webdriver.remote.webelement.WebElement (session=""feaa593ac041d28719386238817b9ee0"", element=""0b7054ba-804b-472e-be5b-178af1ec46ea"")>"
17,"<selenium.webdriver.remote.webelement.WebElement (session=""feaa593ac041d28719386238817b9ee0"", element=""f366ba44-18ab-4d8a-8b3e-f043a79dc5fc"")>"
18,"<selenium.webdriver.remote.webelement.WebElement (session=""feaa593ac041d28719386238817b9ee0"", element=""988b6571-6ff1-4d57-b167-8481898bf976"")>"
19,"<selenium.webdriver.remote.webelement.WebElement (session=""feaa593ac041d28719386238817b9ee0"", element=""b2ceacc0-0393-442b-b896-0456a115b549"")>"
20,"<selenium.webdriver.remote.webelement.WebElement (session=""feaa593ac041d28719386238817b9ee0"", element=""0341a5b7-f27d-4a01-abe2-0060d1f512cc"")>"
21,"<selenium.webdriver.remote.webelement.WebElement (session=""feaa593ac041d28719386238817b9ee0"", element=""6ac65c31-c6c6-43ee-b82d-3f2664b66e87"")>"
22,"<selenium.webdriver.remote.webelement.WebElement (session=""feaa593ac041d28719386238817b9ee0"", element=""191daff5-2b4a-4826-8449-20ff5978baa6"")>"
23,"<selenium.webdriver.remote.webelement.WebElement (session=""feaa593ac041d28719386238817b9ee0"", element=""0b954955-9d89-4f16-9045-a700afdc8458"")>"
24,"<selenium.webdriver.remote.webelement.WebElement (session=""feaa593ac041d28719386238817b9ee0"", element=""2845b9ac-8d15-4a7b-a260-b9365c36e1e8"")>"
25,"<selenium.webdriver.remote.webelement.WebElement (session=""feaa593ac041d28719386238817b9ee0"", element=""a3819429-dcb0-4538-8d74-a0c00b572116"")>"
26,"<selenium.webdriver.remote.webelement.WebElement (session=""feaa593ac041d28719386238817b9ee0"", element=""1330fe04-7398-473f-b425-55bd361e2a7d"")>"
27,"<selenium.webdriver.remote.webelement.WebElement (session=""feaa593ac041d28719386238817b9ee0"", element=""67fe4532-fae8-417e-9f4b-59703b082957"")>"
28,"<selenium.webdriver.remote.webelement.WebElement (session=""feaa593ac041d28719386238817b9ee0"", element=""cfe62d16-b88e-452c-9af0-c69fa7f55e19"")>"
29,"<selenium.webdriver.remote.webelement.WebElement (session=""feaa593ac041d28719386238817b9ee0"", element=""30075255-113a-4a8b-a785-4a9c0c58764a"")>"
30,"<selenium.webdriver.remote.webelement.WebElement (session=""feaa593ac041d28719386238817b9ee0"", element=""c9635555-57f7-4c7d-ad7d-59f7c7e82719"")>"
31,"<selenium.webdriver.remote.webelement.WebElement (session=""feaa593ac041d28719386238817b9ee0"", element=""7c3f8fe5-f7c8-4df2-9c72-c72306589c85"")>"
32,"<selenium.webdriver.remote.webelement.WebElement (session=""feaa593ac041d28719386238817b9ee0"", element=""8404f8e5-ef45-4239-96f9-523a957a2ba5"")>"
33,"<selenium.webdriver.remote.webelement.WebElement (session=""feaa593ac041d28719386238817b9ee0"", element=""d5cd455b-af6a-47a1-8f10-54595656e64f"")>"
34,"<selenium.webdriver.remote.webelement.WebElement (session=""feaa593ac041d28719386238817b9ee0"", element=""db1a3dec-c3ec-4935-aa73-d837e4ab62ac"")>"
35,"<selenium.webdriver.remote.webelement.WebElement (session=""feaa593ac041d28719386238817b9ee0"", element=""6dae0259-bd6b-4fe5-801e-a4bc7435797c"")>"
36,"<selenium.webdriver.remote.webelement.WebElement (session=""feaa593ac041d28719386238817b9ee0"", element=""7e88df2b-ea0d-417f-b084-c7bd96a712d5"")>"
37,"<selenium.webdriver.remote.webelement.WebElement (session=""feaa593ac041d28719386238817b9ee0"", element=""adc89d94-74d4-471f-902c-53dbda12b41e"")>"
38,"<selenium.webdriver.remote.webelement.WebElement (session=""feaa593ac041d28719386238817b9ee0"", element=""bacfc7cf-c8f6-43c1-a06a-c4088e3d1fc2"")>"
39,"<selenium.webdriver.remote.webelement.WebElement (session=""feaa593ac041d28719386238817b9ee0"", element=""379b47b4-dba4-41b5-8fcc-ab23782c68b6"")>"
40,"<selenium.webdriver.remote.webelement.WebElement (session=""feaa593ac041d28719386238817b9ee0"", element=""61ee1604-988d-41aa-8aa9-16e31ec853da"")>"
41,"<selenium.webdriver.remote.webelement.WebElement (session=""feaa593ac041d28719386238817b9ee0"", element=""acddb7c1-2847-4c8f-86e7-fc35efd5c798"")>"
42,"<selenium.webdriver.remote.webelement.WebElement (session=""feaa593ac041d28719386238817b9ee0"", element=""9619dd29-4cb3-4d7b-bfe9-ed5bf4913ae3"")>"
43,"<selenium.webdriver.remote.webelement.WebElement (session=""feaa593ac041d28719386238817b9ee0"", element=""caab7b1e-e890-44bb-b538-1c3ff509cdc1"")>"
44,"<selenium.webdriver.remote.webelement.WebElement (session=""feaa593ac041d28719386238817b9ee0"", element=""19aeab2c-a5ff-46ba-b3bc-39b95c8a3e52"")>"
45,"<selenium.webdriver.remote.webelement.WebElement (session=""feaa593ac041d28719386238817b9ee0"", element=""ccba565f-2732-460b-a98d-70c27abcbd4b"")>"
46,"<selenium.webdriver.remote.webelement.WebElement (session=""feaa593ac041d28719386238817b9ee0"", element=""430afaa8-3f1b-46c7-9c07-d60e9f103722"")>"
47,"<selenium.webdriver.remote.webelement.WebElement (session=""feaa593ac041d28719386238817b9ee0"", element=""1975c0ad-d3da-4540-9c75-f6581cbba031"")>"
48,"<selenium.webdriver.remote.webelement.WebElement (session=""feaa593ac041d28719386238817b9ee0"", element=""5b6b4207-713b-4be5-8ae4-2fa532c06792"")>"
49,"<selenium.webdriver.remote.webelement.WebElement (session=""feaa593ac041d28719386238817b9ee0"", element=""001dc421-61f9-4f9b-83b4-aef22153e892"")>"
50,"<selenium.webdriver.remote.webelement.WebElement (session=""feaa593ac041d28719386238817b9ee0"", element=""9d44ba5b-218f-4b21-8f31-f6bfc7211dc4"")>"
51,"<selenium.webdriver.remote.webelement.WebElement (session=""feaa593ac041d28719386238817b9ee0"", element=""40c373c2-0aec-4158-84f9-ee603d04bfa3"")>"
52,"<selenium.webdriver.remote.webelement.WebElement (session=""feaa593ac041d28719386238817b9ee0"", element=""e02c946b-0fc9-4139-9f0a-7299b3762b17"")>"
53,"<selenium.webdriver.remote.webelement.WebElement (session=""feaa593ac041d28719386238817b9ee0"", element=""88314331-6294-44a4-a299-c2f32b9ff28a"")>"
54,"<selenium.webdriver.remote.webelement.WebElement (session=""feaa593ac041d28719386238817b9ee0"", element=""193cb6ee-0c32-4edf-a198-8a05343bb8fa"")>"
