,HotelName,Price,Amenities and Reviews
0,Roseate House New Delhi,"₹ 4,745
₹ 4,112","2,334 reviews
#1 Best Value of 4,135 places to stay in New Delhi
Free Wifi
Free parking
Taking safety measures
Visit hotel website"
1,The Roseate New Delhi,"₹ 7,056","1,917 reviews
#2 Best Value of 4,135 places to stay in New Delhi
Free Wifi
Free parking
Taking safety measures
Special offer
Visit hotel website"
2,The Muse Sarovar Portico New Delhi Kapashera,"₹ 3,248
₹ 2,567","953 reviews
#3 Best Value of 4,135 places to stay in New Delhi
Free Wifi
Free parking"
3,Radisson Blu Plaza Delhi Airport,"₹ 3,739
₹ 3,347","7,080 reviews
#4 Best Value of 4,135 places to stay in New Delhi
Free Wifi
Free parking
Taking safety measures"
4,Hotel Novotel New Delhi Aerocity,"₹ 3,088","2,726 reviews
#5 Best Value of 4,135 places to stay in New Delhi
Free Wifi
Free parking
Taking safety measures"
5,"Pride Plaza Hotel Aerocity, New Delhi","₹ 3,443
₹ 2,670","5,284 reviews
#6 Best Value of 4,135 places to stay in New Delhi
Free Wifi
Free parking
Taking safety measures
Special offer
Visit hotel website"
6,Vivanta New Delhi Dwarka,"₹ 6,320
₹ 5,628","2,009 reviews
#7 Best Value of 4,135 places to stay in New Delhi
Free Wifi
Free parking"
7,The Claridges Hotel,"₹ 5,544","4,139 reviews
#8 Best Value of 4,135 places to stay in New Delhi
Free parking
Pool"
8,The Park New Delhi,"₹ 5,094
₹ 4,365","4,820 reviews
#9 Best Value of 4,135 places to stay in New Delhi
Free parking
Pool"
9,Andaz Delhi,"₹ 5,712","3,377 reviews
#10 Best Value of 4,135 places to stay in New Delhi
Free Wifi
Free parking
Taking safety measures
Special offer
Visit hotel website"
10,"Taj Palace, New Delhi","₹ 5,320","4,129 reviews
#11 Best Value of 4,135 places to stay in New Delhi
Free parking
Pool
Taking safety measures"
11,Hilton Garden Inn New Delhi / Saket,"₹ 5,350","2,066 reviews
#12 Best Value of 4,135 places to stay in New Delhi
Free Wifi
Free parking
Taking safety measures"
12,ibis New Delhi Aerocity,"₹ 2,597
₹ 2,099","2,393 reviews
#13 Best Value of 4,135 places to stay in New Delhi
Free Wifi
Free parking
Taking safety measures
Visit hotel website"
13,Piccadily Hotel,"₹ 4,536","2,095 reviews
#14 Best Value of 4,135 places to stay in New Delhi
Free parking
Pool"
14,"Lemon Tree Premier, Delhi Airport","₹ 7,501
₹ 3,838","4,056 reviews
#15 Best Value of 4,135 places to stay in New Delhi
Free Wifi
Free parking
Taking safety measures
Special offer
Visit hotel website"
15,"Shangri-La's - Eros Hotel, New Delhi","₹ 7,437
₹ 6,552","4,440 reviews
#16 Best Value of 4,135 places to stay in New Delhi
Free Wifi
Free parking
Taking safety measures"
16,Eros Hotel,"₹ 4,748","2,826 reviews
#17 Best Value of 4,135 places to stay in New Delhi
Free parking
Pool"
17,Holiday Inn New Delhi International Airport,"₹ 3,387","3,027 reviews
#18 Best Value of 4,135 places to stay in New Delhi
Free Wifi
Free parking
Taking safety measures"
18,Holiday Inn Express New Delhi International Airport T3,"₹ 5,823","Speciality Hotel
788 reviews
#19 Best Value of 4,135 places to stay in New Delhi
Free Wifi
Restaurant
Taking safety measures"
19,"The Leela Ambience Convention Hotel, Delhi","₹ 6,226","4,172 reviews
#20 Best Value of 4,135 places to stay in New Delhi
Free parking
Pool
Taking safety measures
Special offer
Visit hotel website"
20,"Red Fox Hotel, Delhi Airport","₹ 7,910
₹ 4,048","3,209 reviews
#21 Best Value of 4,135 places to stay in New Delhi
Free Wifi
Free parking
Taking safety measures
Special offer
Visit hotel website"
21,Radisson Blu Hotel New Delhi Paschim Vihar,"₹ 5,034
₹ 4,516","2,513 reviews
#22 Best Value of 4,135 places to stay in New Delhi
Free Wifi
Free parking
Taking safety measures"
22,Park Plaza Delhi CBD Shahdara,"₹ 4,788","1,770 reviews
#23 Best Value of 4,135 places to stay in New Delhi
Free Wifi
Free parking
Taking safety measures"
23,Taurus Sarovar Portico,"₹ 3,023","889 reviews
#24 Best Value of 4,135 places to stay in New Delhi
Free Wifi
Free parking"
24,Park Inn By Radisson New Delhi IP Extension,"₹ 3,853
₹ 3,082","740 reviews
#25 Best Value of 4,135 places to stay in New Delhi
Free Wifi
Free parking
Taking safety measures"
25,The Umrao,"₹ 5,249
₹ 3,757","923 reviews
#26 Best Value of 4,135 places to stay in New Delhi
Free Wifi
Free parking"
26,Hotel Delhi Aerocity,"₹ 2,247
₹ 1,608","734 reviews
#27 Best Value of 4,135 places to stay in New Delhi
Free Wifi
Free parking"
27,Park Inn by Radisson New Delhi Lajpat Nagar,"₹ 4,157
₹ 4,031","208 reviews
#28 Best Value of 4,135 places to stay in New Delhi
Free Wifi
Free parking"
28,Hotel City Park,"₹ 9,119
₹ 7,560","231 reviews
#29 Best Value of 4,135 places to stay in New Delhi
Free parking
Pool"
29,OYO 12191 Hotel Airlift,₹ 526,"9 reviews
#30 Best Value of 4,135 places to stay in New Delhi
Free Wifi
Free parking"
